Name,Term,ES,NES,NOM p-val,FDR q-val,FWER p-val,Tag %,Gene %,Lead_genes
prerank,Non-small cell lung cancer,-0.6385437053956179,-2.0867616922983445,0.0,0.054524311040898714,0.03,11/17,20.69%,CCND1;EGFR;CDK6;KIF5A;E2F3;AKT2;CDKN2A;STK4;MET;CDK4;RXRG
prerank,Melanoma,-0.6082413334722866,-2.0808238130674495,0.002012072434607646,0.02881999297876075,0.032,11/21,17.53%,CCND1;FGF19;EGFR;FGF3;CDK6;E2F3;AKT2;CDKN2A;MET;CDK4;MDM2
prerank,Pancreatic cancer,-0.6408721851356043,-2.0580204887842184,0.0,0.02492539933298227,0.042,9/16,15.70%,CCND1;EGFR;IKBKB;CDK6;RPS6KB1;E2F3;AKT2;CDKN2A;CDK4
prerank,Small cell lung cancer,-0.5508443254365949,-2.019150583105316,0.0,0.027262155520449357,0.058,14/25,20.69%,CCND1;BIRC3;CCNE1;COL4A2;IKBKB;CDK6;CDKN2B;BIRC2;E2F3;AKT2;BIRC7;CDK4;COL4A1;RXRG
prerank,Necroptosis,-0.6355754814022035,-2.0071673832893357,0.0,0.024613831841319992,0.066,7/15,11.24%,JAK2;BIRC3;IFNG;FADD;BIRC2;DNM1L;VDAC3
prerank,Human cytomegalovirus infection,-0.4681248931069664,-1.8904390817498395,0.0,0.06023638172137383,0.167,17/35,24.48%,CCND1;EGFR;FADD;IKBKB;CDK6;RPS6KB1;E2F3;AKT2;GNG11;CDKN2A;CDK4;MDM2;GNAS;GNGT1;ADCY2;EIF4EBP1;GNG4
prerank,Glioma,-0.5916898596994489,-1.882938872084364,0.0,0.05541450387421952,0.179,8/15,17.53%,CCND1;EGFR;CDK6;E2F3;AKT2;CDKN2A;CDK4;MDM2
prerank,Adherens junction,-0.6501982776768709,-1.872838956985921,0.011857707509881422,0.0527717439002984,0.194,5/11,15.40%,EGFR;PTPRB;PTPN1;ACTN4;MET
prerank,Cellular senescence,-0.49150178093979563,-1.8451490603631362,0.0,0.060063288670450334,0.238,13/28,24.28%,CCND1;CCNE1;CDK6;CDKN2B;VDAC3;GATA4;E2F3;AKT2;CDKN2A;CDK4;MDM2;EIF4EBP1;RAD1
prerank,PD-L1 expression and PD-1 checkpoint pathway in cancer,-0.596949007171223,-1.8355785894210732,0.0,0.058418904686677195,0.248,7/15,12.54%,JAK2;IFNG;EGFR;IKBKB;CD274;RPS6KB1;AKT2
prerank,Oxytocin signaling pathway,-0.5336313605439769,-1.811878650173128,0.005870841487279843,0.06585403801043613,0.29,11/20,32.50%,CCND1;EGFR;CACNB1;PRKAB2;MYLK2;GNAS;ADCY2;MYL9;RYR2;CACNA2D4;KRAS
prerank,Chronic myeloid leukemia,-0.5416992243780808,-1.8041396452303888,0.001953125,0.06374151600257445,0.304,9/18,17.53%,CCND1;GAB2;IKBKB;CDK6;E2F3;AKT2;CDKN2A;CDK4;MDM2
prerank,Focal adhesion,-0.48128598244291465,-1.799189446745132,0.003745318352059925,0.06315233388693105,0.32,11/30,15.40%,CCND1;BIRC3;EGFR;COL4A2;PAK1;RAP1B;MYLK2;BIRC2;ACTN4;AKT2;MET
prerank,Cell cycle,-0.5088315721188443,-1.7887935938067439,0.0018867924528301887,0.06376006168660198,0.339,12/23,22.29%,CCND1;CCNE1;TFDP1;CDK6;CDKN2B;E2F3;CDKN2A;CDC6;CDK4;MDM2;YWHAB;PRKDC
prerank,JAK-STAT signaling pathway,-0.4794530206517602,-1.7786054848811246,0.007619047619047619,0.06459832660464572,0.356,10/29,13.64%,JAK2;CCND1;IFNG;EGFR;IFNL1;IL22;IFNL3;CSF3;AKT2;LIFR
prerank,NOD-like receptor signaling pathway,-0.4651931258413922,-1.7680409907398917,0.006172839506172839,0.06698701070738985,0.38,14/29,23.62%,BIRC3;FADD;IKBKB;DEFB4A;BIRC2;DEFB103A;DNM1L;VDAC3;CARD6;DEFA5;DEFB103B;DEFA1B;DEFA1;TXNIP
prerank,Insulin resistance,-0.5129018246229422,-1.7289663477053674,0.015444015444015444,0.08733053516298568,0.476,8/20,12.54%,IKBKB;PRKAB2;IRS2;PTPN1;CPT1A;RPS6KB1;SLC27A3;AKT2
prerank,Hepatitis C,-0.49577598979208254,-1.7234637703107178,0.005628517823639775,0.08602724630897354,0.494,9/21,15.70%,CCND1;IFNG;EGFR;FADD;IKBKB;CDK6;E2F3;AKT2;CDK4
prerank,Bladder cancer,-0.5791616186731677,-1.7221286598156695,0.007984031936127744,0.08231941095498094,0.498,6/12,17.53%,CCND1;EGFR;E2F3;CDKN2A;CDK4;MDM2
prerank,Epithelial cell signaling in Helicobacter pylori infection,-0.6070408368953415,-1.7006294393068713,0.011538461538461539,0.09362603124451464,0.548,5/11,15.40%,EGFR;PAK1;IKBKB;F11R;MET
prerank,Herpes simplex virus 1 infection,-0.4017574913054286,-1.6844093829851918,0.007380073800738007,0.10111106931802034,0.581,15/49,13.51%,JAK2;ZNF254;BIRC3;IFNG;ZNF780A;ZNF726;FADD;ZNF793;IKBKB;ZNF540;ZNF527;BIRC2;AKT2;ZNF383;ZNF546
prerank,Regulation of actin cytoskeleton,-0.44650097725210214,-1.672645248164091,0.007561436672967864,0.10479997446822092,0.606,10/31,16.13%,PIP4K2C;FGF19;EGFR;PAK1;PIP4K2B;FGF3;MYLK2;ACTN4;ARHGEF7;ARPC1A
prerank,TGF-beta signaling pathway,-0.5435140285665903,-1.6592527792542335,0.015810276679841896,0.11135151223756211,0.639,7/15,16.10%,IFNG;TFDP1;CDKN2B;GDF5;RPS6KB1;TGIF2;FMOD
prerank,Toxoplasmosis,-0.520770010324352,-1.6551209574394012,0.017045454545454544,0.10911353197589375,0.649,7/16,14.01%,JAK2;BIRC3;IFNG;IKBKB;BIRC2;AKT2;BIRC7
prerank,Pathways in cancer,-0.3427087463962495,-1.6531644508437733,0.003787878787878788,0.10605757416183957,0.651,33/84,24.48%,JAK2;CCND1;BIRC3;CCNE1;IFNG;FGF19;EGFR;FADD;COL4A2;IKBKB;FGF3;CDK6;CDKN2B;RPS6KB1;BIRC2;RARA;E2F3;AKT2;GNG11;BIRC7;CDKN2A;STK4;MET;CDK4;MDM2;COL4A1;RXRG;GNAS;TERT;GNGT1;ADCY2;MECOM;GNG4
prerank,Kaposi sarcoma-associated herpesvirus infection,-0.42838477882436293,-1.639608872874404,0.009505703422053232,0.11156512874522352,0.68,9/30,15.70%,JAK2;CCND1;FADD;IKBKB;CDK6;E2F3;AKT2;GNG11;CDK4
prerank,Apoptosis,-0.48502012710709286,-1.6377583342111506,0.019193857965451054,0.10870243597995047,0.683,7/19,14.01%,BIRC3;FADD;IKBKB;CTSZ;BIRC2;AKT2;BIRC7
prerank,IL-17 signaling pathway,-0.534169583412605,-1.6376246428119938,0.023166023166023165,0.1048758431756062,0.684,5/14,10.71%,IFNG;FADD;IKBKB;DEFB4A;CSF3
prerank,Chemical carcinogenesis,-0.4025216332131648,-1.6157038142502644,0.02099236641221374,0.11796589856730402,0.73,16/38,25.12%,JAK2;CCND1;EGFR;KLF5;FGF3;RPS6KB1;ADRB3;AKT2;CDC6;RXRG;GNAS;NR1I3;ADCY2;AHR;EIF4EBP1;KPNA7
prerank,Acute myeloid leukemia,-0.5494170216397565,-1.595526096181555,0.041666666666666664,0.129819788192616,0.766,5/12,12.54%,CCND1;IKBKB;RPS6KB1;RARA;AKT2
prerank,FoxO signaling pathway,-0.4367102460307987,-1.5954428982889877,0.02040816326530612,0.12568230591086424,0.766,11/27,17.53%,CCND1;AGAP2;EGFR;IKBKB;PRKAB2;FBXO25;IRS2;CDKN2B;AKT2;STK4;MDM2
prerank,TNF signaling pathway,-0.5079941430972212,-1.5681874771517728,0.0311284046692607,0.1452683429875373,0.816,6/15,12.54%,BIRC3;FADD;IKBKB;BIRC2;DNM1L;AKT2
prerank,Regulation of lipolysis in adipocytes,-0.5769543781766748,-1.5648480335921513,0.039761431411530816,0.14407636129595056,0.824,6/10,23.25%,IRS2;ADRB3;AKT2;GNAS;FABP4;ADCY2
prerank,AGE-RAGE signaling pathway in diabetic complications,-0.5233496671681381,-1.5431867176933989,0.04970178926441352,0.1608238081962643,0.858,9/13,32.50%,JAK2;CCND1;COL4A2;AKT2;CDK4;COL4A1;CDKN1B;IL6;KRAS
prerank,MAPK signaling pathway,-0.3848481309873868,-1.5424343193179482,0.03468208092485549,0.1568964868727902,0.858,12/38,15.40%,FGF19;EGFR;CACNB1;PAK1;RAP1B;IKBKB;FGF3;MAP4K1;AKT2;STK4;PTPRR;MET
prerank,Proteoglycans in cancer,-0.4097789990413999,-1.5420139525032563,0.038696537678207736,0.1528411639654399,0.858,11/30,17.53%,CCND1;EGFR;PAK1;ANK1;RPS6KB1;CTTN;MIR21;AKT2;TWIST1;MET;MDM2
prerank,Taste transduction,0.4222181981795183,1.537802132322544,0.021551724137931036,1.0,0.846,13/24,30.21%,HTR3E;TAS2R46;TAS2R19;HTR3D;TAS2R31;TAS2R42;GNB3;TAS2R43;TAS2R14;TAS2R13;TAS2R7;P2RY1;TAS2R10
prerank,Insulin signaling pathway,-0.4614011110873159,-1.532259256384519,0.04780114722753346,0.15835207245159852,0.871,7/19,12.54%,PHKG1;IKBKB;PRKAB2;IRS2;PTPN1;RPS6KB1;AKT2
prerank,Hepatitis B,-0.450707462130966,-1.5297597626578519,0.038910505836575876,0.1565626645602949,0.872,7/20,12.54%,JAK2;CCNE1;FADD;IKBKB;VDAC3;E2F3;AKT2
prerank,Autophagy,-0.4918688362374698,-1.5285031547441756,0.05108055009823183,0.15414601927240157,0.875,5/15,12.54%,IRS2;LAMP1;RPS6KB1;VMP1;AKT2
prerank,Human T-cell leukemia virus 1 infection,-0.38803254701802864,-1.5127234902529176,0.04143126177024482,0.16505287870809196,0.884,12/34,16.27%,POLB;CCND1;CCNE1;IKBKB;CDKN2B;VDAC3;E2F3;AKT2;CDKN2A;TRRAP;CDK4;MMP7
prerank,Tight junction,-0.4295865744992333,-1.510527550025359,0.04206500956022945,0.16361092915826472,0.887,8/23,16.13%,CCND1;PRKAB2;CTTN;ACTN4;GATA4;F11R;CDK4;ARPC1A
prerank,Dopaminergic synapse,-0.4643671158907844,-1.4977344292352226,0.055970149253731345,0.17195558230313365,0.903,8/16,24.48%,PPP1R1B;SLC6A3;KIF5A;AKT2;GNG11;GNAS;GNGT1;GNG4
prerank,p53 signaling pathway,-0.4965715388412261,-1.488518302719161,0.05622489959839357,0.17628923423588916,0.912,6/13,17.53%,CCND1;CCNE1;CDK6;CDKN2A;CDK4;MDM2
prerank,Calcium signaling pathway,-0.3791361234603421,-1.4813067133998925,0.047619047619047616,0.1800010372285254,0.923,14/34,27.45%,PHKG1;FGF19;EGFR;FGF3;MYLK2;ADRB3;VDAC3;MET;GNAS;ADCY2;RYR2;TPCN2;PLCZ1;ERBB2
prerank,Epstein-Barr virus infection,-0.3945333117511308,-1.470370179388818,0.048582995951417005,0.18659430889552006,0.932,11/29,19.43%,CCND1;CCNE1;FADD;IKBKB;CDK6;PSMD8;E2F3;AKT2;CDK4;MDM2;PSMC4
prerank,Amoebiasis,-0.5196245079913138,-1.4701118721877042,0.06779661016949153,0.18287657119307643,0.932,6/11,20.76%,IFNG;COL4A2;ACTN4;C9;COL4A1;GNAS
prerank,RNA transport,0.3866334873561349,1.455190114997184,0.056640625,1.0,0.941,9/27,11.11%,PABPC1L;POP1;EIF4G1;EIF2B5;PABPC1;EIF4A2;SENP2;EIF3E;NUP210L
prerank,Adipocytokine signaling pathway,-0.4884821287708069,-1.4522582826640864,0.08364312267657993,0.19824310293958375,0.951,6/14,12.54%,JAK2;IKBKB;PRKAB2;IRS2;CPT1A;AKT2
prerank,Th17 cell differentiation,-0.46705035952437024,-1.451261562551199,0.05725190839694656,0.19524896144169446,0.952,10/15,29.44%,JAK2;IFNG;IKBKB;IL22;RARA;RXRG;AHR;IL1RAP;CD4;IL6
prerank,Ras signaling pathway,-0.3584894271003098,-1.4446360909864355,0.05343511450381679,0.1988945130448177,0.956,12/39,15.40%,GAB2;FGF19;EGFR;PAK1;RAP1B;IKBKB;FGF3;RAPGEF5;AKT2;GNG11;STK4;MET
prerank,Spliceosome,0.4713817687701958,1.4403359376122047,0.07707910750507099,0.8209346910553774,0.953,6/14,18.73%,TRA2B;HSPA6;SRSF6;SNRPE;RBM8A;CTNNBL1
prerank,Ribosome,-0.419729705523035,-1.4361804398819864,0.06769825918762089,0.20395208004212745,0.959,6/19,15.10%,RPS21;MRPS12;MRPL21;RPL19;MRPL36;RPL37
prerank,Cushing syndrome,-0.36672081478282487,-1.4154948256061575,0.07072691552062868,0.22487841898212682,0.97,16/31,29.17%,CCND1;CCNE1;EGFR;RAP1B;CDK6;CDKN2B;ASH2L;E2F3;CDKN2A;CDK4;GNAS;ADCY2;AHR;CYP11B1;STAR;CDKN1B
prerank,Hepatocellular carcinoma,-0.3716953531865918,-1.3813674052319524,0.07661290322580645,0.2640234907711211,0.977,9/27,15.70%,CCND1;EGFR;CDK6;RPS6KB1;E2F3;AKT2;CDKN2A;MET;CDK4
prerank,Renal cell carcinoma,-0.50092251416056,-1.3746896979611787,0.1224105461393597,0.26818318810628566,0.979,4/10,15.40%,PAK1;RAP1B;AKT2;MET
prerank,Relaxin signaling pathway,-0.3881065713238359,-1.3723098945257841,0.08955223880597014,0.2659863215857599,0.979,11/23,24.48%,EGFR;RLN1;COL4A2;RLN2;AKT2;GNG11;COL4A1;GNAS;GNGT1;ADCY2;GNG4
prerank,Th1 and Th2 cell differentiation,-0.48670041817796217,-1.3635383161491148,0.10685483870967742,0.27355625767948044,0.981,3/11,3.89%,JAK2;IFNG;IKBKB
prerank,Apelin signaling pathway,-0.38993671818932385,-1.3561325142264415,0.10674157303370786,0.2789919976679455,0.982,11/22,28.01%,CCND1;PRKAB2;RPS6KB1;MYLK2;AKT2;GNG11;GNGT1;ADCY2;GNG4;RYR2;PLAT
prerank,Viral carcinogenesis,-0.35407218916276056,-1.337141896375351,0.1320754716981132,0.300853942826172,0.987,12/29,22.26%,POLB;CCND1;CCNE1;CDK6;CDKN2B;ACTN4;VDAC3;CDKN2A;CDK4;MDM2;CHD4;YWHAB
prerank,Gastric cancer,-0.3501216075554089,-1.3364758572230475,0.09922178988326848,0.29649944314309407,0.987,10/31,15.40%,CCND1;CCNE1;FGF19;EGFR;FGF3;CDKN2B;RPS6KB1;E2F3;AKT2;MET
prerank,AMPK signaling pathway,-0.4079539654311676,-1.3190829895383305,0.1383177570093458,0.31507922694965834,0.987,6/18,12.54%,CCND1;PRKAB2;IRS2;CPT1A;RPS6KB1;AKT2
prerank,Staphylococcus aureus infection,-0.4002174706732067,-1.3161152094064936,0.14859437751004015,0.31418985138376926,0.989,11/18,31.34%,DEFB4A;DEFB103A;C3AR1;DEFA5;DEFB103B;DEFA1B;DEFA1;FCGR2C;FCGR3B;C1R;FCGR1A
prerank,Shigellosis,-0.35884956123348627,-1.3114008374467148,0.11591355599214145,0.3158834675713706,0.993,8/27,17.53%,EGFR;IKBKB;RPS6KB1;CTTN;ACTN4;AKT2;ARPC1A;MDM2
prerank,Chagas disease,-0.465465036009517,-1.3064491469741615,0.14785992217898833,0.31769833585305224,0.995,5/11,20.76%,IFNG;FADD;IKBKB;AKT2;GNAS
prerank,Lysosome,-0.42056224026094746,-1.2907717864571204,0.16037735849056603,0.33575106363416,0.998,5/14,21.19%,AP3M2;CTSZ;LAMP1;HGSNAT;CTSS
prerank,Prostate cancer,-0.3711777942797567,-1.2702035015212239,0.17495395948434622,0.36241627994997366,0.999,7/20,17.53%,CCND1;CCNE1;EGFR;IKBKB;E2F3;AKT2;MDM2
prerank,Human immunodeficiency virus 1 infection,-0.3562199990216581,-1.2678717812722895,0.16831683168316833,0.36084308880517413,0.999,10/24,27.31%,FADD;PAK1;IKBKB;RPS6KB1;AKT2;GNG11;GNGT1;GNG4;CUL4A;CD4
prerank,MicroRNAs in cancer,-0.29513640734519764,-1.2506752474156648,0.13972055888223553,0.3821658528412083,0.999,14/48,17.53%,CCND1;CCNE1;EGFR;HMGA2;SOX4;IKBKB;CDK6;IRS2;MIR26A2;MIR21;E2F3;CDKN2A;MET;MDM2
prerank,Transcriptional misregulation in cancer,-0.33005683110198647,-1.2428488054590998,0.16869918699186992,0.38794802973023246,0.999,15/30,32.00%,BIRC3;HMGA2;BIRC2;RARA;MET;MDM2;DEFA5;DEFA1B;RXRG;DEFA1;PLAT;CDKN1B;IL6;FCGR1A;MLF1
prerank,PI3K-Akt signaling pathway,-0.270866179789041,-1.2360701285755198,0.14495412844036698,0.3943390613222646,0.999,22/68,24.48%,JAK2;CCND1;CCNE1;FGF19;EGFR;COL4A2;IKBKB;FGF3;CDK6;RPS6KB1;CSF3;AKT2;GNG11;MET;CDK4;MDM2;COL4A1;YWHAB;GNGT1;OSMR;EIF4EBP1;GNG4
prerank,Influenza A,-0.3810172255555176,-1.2346048703948087,0.17886178861788618,0.3913558623531836,0.999,7/18,15.70%,JAK2;IFNG;FADD;IKBKB;CDK6;AKT2;CDK4
prerank,Prolactin signaling pathway,-0.4308938072188607,-1.2132910306989955,0.22813688212927757,0.4217065999648938,0.999,3/11,12.54%,JAK2;CCND1;AKT2
prerank,ErbB signaling pathway,-0.3649545728637969,-1.212107673388706,0.20235756385068762,0.41782955941723715,0.999,5/18,12.54%,EGFR;PAK1;RPS6KB1;NRG1;AKT2
prerank,Breast cancer,-0.31089200667746847,-1.197798582006686,0.21643286573146292,0.4373845030522887,0.999,9/30,15.70%,CCND1;FGF19;EGFR;FGF3;CDK6;RPS6KB1;E2F3;AKT2;CDK4
prerank,Measles,-0.34405109173798587,-1.1941926496517814,0.2583170254403131,0.4375389233939517,0.999,7/21,15.70%,CCND1;CCNE1;FADD;IKBKB;CDK6;AKT2;CDK4
prerank,Osteoclast differentiation,-0.36365840743957956,-1.1859182537119823,0.22007722007722008,0.4469309356750115,0.999,4/17,3.89%,IFNG;GAB2;CALCR;IKBKB
prerank,Glucagon signaling pathway,-0.3887095732380708,-1.1845672203002675,0.2538167938931298,0.4429658884793166,0.999,6/15,23.25%,PHKG1;PRKAB2;CPT1A;AKT2;GNAS;ADCY2
prerank,Rap1 signaling pathway,-0.3047278187571003,-1.1792990801834597,0.2015810276679842,0.44578748741258095,0.999,8/34,15.40%,FGF19;EGFR;RAP1B;FGF3;RAPGEF5;SIPA1L3;AKT2;MET
prerank,Wnt signaling pathway,-0.34348316688262215,-1.159719879100606,0.26506024096385544,0.4758485327205706,1.0,8/19,21.26%,CCND1;SFRP1;CTNND2;LGR5;MMP7;SOX17;NKD2;DKK4
prerank,Cholinergic synapse,-0.33268201110668005,-1.1473540634631512,0.2548262548262548,0.4922966091015063,1.0,8/21,24.48%,JAK2;CHRNA6;AKT2;GNG11;GNGT1;ADCY2;KCNQ2;GNG4
prerank,T cell receptor signaling pathway,-0.3564875649968546,-1.1389541471696703,0.2909441233140655,0.5019786118832251,1.0,5/16,15.70%,IFNG;PAK1;IKBKB;AKT2;CDK4
prerank,cGMP-PKG signaling pathway,-0.2997662565966528,-1.1373080590536842,0.2626641651031895,0.49893639196068107,1.0,8/28,15.83%,TRPC6;IRS2;MYLK2;ADRB3;VDAC3;GATA4;AKT2;KCNU1
prerank,Chemokine signaling pathway,-0.3151179654372862,-1.1340607098669937,0.26851851851851855,0.49875800995542374,1.0,10/25,24.95%,JAK2;PAK1;RAP1B;IKBKB;AKT2;GNG11;GNGT1;ADCY2;GNG4;GRK1
prerank,Glutamatergic synapse,-0.3638233591442893,-1.1310264274817536,0.2730844793713163,0.4980330362150383,1.0,7/14,24.48%,GNG11;SHANK2;GNAS;GNGT1;ADCY2;SLC1A3;GNG4
prerank,Toll-like receptor signaling pathway,-0.41410678533023604,-1.1268552325634675,0.31954887218045114,0.5000095167399455,1.0,3/11,12.54%,FADD;IKBKB;AKT2
prerank,Endocytosis,-0.286696655113851,-1.118990702057457,0.29366602687140114,0.5085597474025595,1.0,11/35,24.95%,AGAP2;EGFR;CAPZA2;KIF5A;CAPZA3;RAB11FIP1;ARPC1A;MDM2;VPS45;SMURF1;GRK1
prerank,Cytosolic DNA-sensing pathway,0.39352910962457704,1.0863507502580267,0.3673036093418259,1.0,1.0,4/10,18.10%,ADAR;POLR2K;NFKBIB;POLR3C
prerank,Complement and coagulation cascades,-0.35775426631629526,-1.0799741909303262,0.3376865671641791,0.5769130295614824,1.0,5/14,17.70%,PROCR;F7;C9;F10;C3AR1
prerank,Purine metabolism,0.35622891450458416,1.0752135218759071,0.3469785575048733,1.0,1.0,8/13,36.19%,ADA;GUCY2C;ADCY10;PDE6H;PKLR;PDE7A;ADCY8;PDE3A
prerank,Hippo signaling pathway,-0.29047511026301875,-1.0726272922620188,0.35145631067961164,0.5848955080397272,1.0,6/26,9.51%,CCND1;BIRC3;PAK1;YAP1;GDF5;BIRC2
prerank,Coronavirus disease,-0.2781886794127972,-1.067178000531195,0.3595505617977528,0.5890595271962054,1.0,8/32,17.70%,EGFR;RPS21;IKBKB;RPL19;C9;CSF3;RPL37;C3AR1
prerank,Human papillomavirus infection,-0.25179975994791565,-1.0656292163964218,0.34689922480620156,0.5857822897218633,1.0,15/48,21.92%,CCND1;CCNE1;EGFR;FADD;COL4A2;IKBKB;CDK6;RPS6KB1;AKT2;CDK4;MDM2;COL4A1;GNAS;CHD4;TERT
prerank,NF-kappa B signaling pathway,-0.3561671349521187,-1.0488212018969676,0.3958333333333333,0.6153457960329998,1.0,4/13,17.27%,BIRC3;IKBKB;BIRC2;ERC1
prerank,Dilated cardiomyopathy,-0.3730789107284142,-1.0470254095951572,0.3988212180746562,0.6120916466756382,1.0,5/11,28.91%,CACNB1;GNAS;ADCY2;RYR2;CACNA2D4
prerank,Pathogenic Escherichia coli infection,-0.3018481081216272,-1.0466689078764326,0.38372093023255816,0.6059987712831314,1.0,6/23,16.13%,FADD;PAK1;IKBKB;CTTN;BAIAP2L1;ARPC1A
prerank,Cytokine-cytokine receptor interaction,-0.27722774959991214,-1.0449279263322704,0.3817829457364341,0.6029338954140623,1.0,8/31,14.50%,IFNG;IFNL1;IL22;IFNL3;GDF5;CSF3;LIFR;IL26
prerank,Peroxisome,-0.3460811517545731,-1.0431928572230313,0.3735408560311284,0.5999349308540054,1.0,4/14,7.15%,FAR2;PEX1;NUDT19;PXMP4
prerank,Glycerophospholipid metabolism,-0.3449671998732125,-1.0295207234519381,0.43089430894308944,0.6203341904473799,1.0,5/13,18.26%,MBOAT1;LPCAT1;PLD3;LYPLA1;ETNK1
prerank,Non-alcoholic fatty liver disease,-0.2801954388963558,-1.0191411365641647,0.4274952919020716,0.6352697172103507,1.0,6/27,12.54%,NDUFC2;IKBKB;PRKAB2;IRS2;UQCRFS1;AKT2
prerank,Thyroid hormone signaling pathway,-0.2831963896238322,-1.015101542194814,0.43359375,0.6361656445643906,1.0,8/24,20.69%,CCND1;MED1;THRA;GATA4;AKT2;MED24;MDM2;RXRG
prerank,Tuberculosis,-0.2737078580941996,-1.0133788313372132,0.4430147058823529,0.6331404754537114,1.0,6/27,12.54%,JAK2;IFNG;FADD;CYP27B1;LAMP1;AKT2
prerank,Thermogenesis,-0.2572429436177242,-1.0072136238546248,0.44881889763779526,0.6384908096993406,1.0,17/32,35.73%,NDUFC2;PRKAB2;CPT1A;RPS6KB1;ADRB3;UQCRFS1;GNAS;FRS2;ADCY2;COX4I2;CYC1;NDUFA9;KRAS;SDHC;COA6;CREB3L4;COX20
prerank,Aldosterone synthesis and secretion,0.31986868310967587,1.000454529512918,0.46611909650924027,1.0,1.0,7/15,34.20%,ATP1A4;ATP2B4;CYP11B2;ATP1B1;KCNK9;AGTR1;ADCY8
prerank,Hypertrophic cardiomyopathy,-0.35538148796933966,-0.9900772070047635,0.4600389863547758,0.6657788167793434,1.0,5/11,29.44%,CACNB1;PRKAB2;RYR2;CACNA2D4;IL6
prerank,Bile secretion,0.3164622858925701,0.9892617793995192,0.46938775510204084,1.0,1.0,6/15,23.92%,ATP1A4;SLC51A;CA2;SLCO1B3;NCEH1;ATP1B1
prerank,Salmonella infection,-0.26521724649024925,-0.9836941101610814,0.4725490196078431,0.6720199227663683,1.0,8/30,16.13%,BIRC3;FADD;PAK1;IKBKB;KIF5A;BIRC2;AKT2;ARPC1A
prerank,Systemic lupus erythematosus,-0.3288440343454051,-0.9834550866483142,0.46904315196998125,0.6657827117624875,1.0,8/13,37.03%,IFNG;ACTN4;C9;FCGR3B;C1R;FCGR1A;C7;C6
prerank,Insulin secretion,0.3058673956432214,0.9826218567900654,0.4689507494646681,1.0,1.0,7/17,25.68%,KCNMB2;ATP1A4;RIMS2;SLC2A2;ATP1B1;KCNMB3;KCNN3
prerank,Axon guidance,-0.27730976669434826,-0.9796650011914292,0.4566929133858268,0.6672737113100462,1.0,3/23,3.73%,TRPC6;UNC5D;PAK1
prerank,Leukocyte transendothelial migration,-0.3397032183110035,-0.9774675512114908,0.48098859315589354,0.6651814700634467,1.0,3/11,12.71%,RAP1B;ACTN4;F11R
prerank,Spinocerebellar ataxia,0.289769874954363,0.976535848714963,0.4731404958677686,1.0,1.0,5/18,16.60%,PSMD2;OPA1;PSMA7;GRIN2B;PSMB4
prerank,Leishmaniasis,-0.34294850726945986,-0.9748385063217427,0.49707602339181284,0.6635488820026735,1.0,2/11,1.76%,JAK2;IFNG
prerank,Alzheimer disease,0.22244931633699228,0.969830787867318,0.5180467091295117,1.0,1.0,10/48,13.57%,PSMD2;APH1A;DVL3;COX6C;NDUFS2;PSMA7;FZD6;GAPDH;NDUFB5;GRIN2B
prerank,Huntington disease,0.233870055870016,0.9665640035084774,0.5323590814196242,1.0,1.0,9/37,16.60%,PSMD2;COX6C;TGM2;NDUFS2;POLR2K;PSMA7;NDUFB5;GRIN2B;PSMB4
prerank,Central carbon metabolism in cancer,-0.3222458729613924,-0.9406243999585356,0.5421245421245421,0.7257445439120005,1.0,3/12,15.40%,EGFR;AKT2;MET
prerank,mRNA surveillance pathway,0.3301500084531047,0.9314685103677595,0.5432595573440644,1.0,1.0,2/11,2.89%,PABPC1L;PABPC1
prerank,Neurotrophin signaling pathway,-0.3074703743094782,-0.9307210966695687,0.5357142857142857,0.7393114466071186,1.0,3/13,12.54%,RAP1B;IKBKB;AKT2
prerank,Fc gamma R-mediated phagocytosis,-0.27715449945860526,-0.9299633576469533,0.56,0.7335958505788421,1.0,5/19,16.13%,GAB2;PAK1;RPS6KB1;AKT2;ARPC1A
prerank,PPAR signaling pathway,0.31977703303817445,0.9263690450749804,0.5473251028806584,1.0,1.0,3/12,11.18%,PLTP;EHHADH;ADIPOQ
prerank,Choline metabolism in cancer,-0.29604869797486705,-0.909604067936696,0.5629770992366412,0.7682013844193499,1.0,5/15,24.25%,EGFR;RPS6KB1;AKT2;LYPLA1;EIF4EBP1
prerank,Longevity regulating pathway,-0.28424515894516456,-0.9072257077493843,0.5855513307984791,0.7661273114934144,1.0,6/16,24.25%,PRKAB2;IRS2;RPS6KB1;AKT2;ADCY2;EIF4EBP1
prerank,Hematopoietic cell lineage,0.3116873302536046,0.9068189540264765,0.5862831858407079,1.0,1.0,6/12,31.94%,THPO;GP5;IL7;CD9;IL7R;IL6R
prerank,Protein digestion and absorption,-0.29237134121171704,-0.8983820180756908,0.630057803468208,0.777290080903825,1.0,5/15,27.84%,COL4A2;SLC7A9;COL4A1;CPB1;SLC6A19
prerank,Antigen processing and presentation,-0.30904332655112354,-0.8897871775559277,0.5675146771037182,0.7870166770245759,1.0,6/11,27.31%,IFNG;KLRC1;CTSS;KLRC4;KLRC3;CD4
prerank,Parkinson disease,-0.223617623088355,-0.8640815278954163,0.7025948103792415,0.8297709947591464,1.0,6/31,11.68%,NDUFC2;SLC6A3;KIF5A;PSMD8;VDAC3;UQCRFS1
prerank,Vascular smooth muscle contraction,-0.2726907664683476,-0.8585825973373573,0.6521739130434783,0.8328640209643019,1.0,6/15,24.85%,MYLK2;PPP1R14A;KCNU1;GNAS;ADCY2;MYL9
prerank,Prion disease,0.21045305247073104,0.8583372455503684,0.7196652719665272,1.0,1.0,8/36,16.60%,PSMD2;COX6C;NDUFS2;PSMA7;HSPA6;NDUFB5;GRIN2B;PSMB4
prerank,Neuroactive ligand-receptor interaction,0.20532351499063706,0.8562784661686941,0.6903225806451613,1.0,1.0,20/41,34.70%,EDN3;MC3R;CRH;GRIN2B;KNG1;GHSR;RXFP4;SST;NPBWR1;OPRL1;OPRK1;TRHR;P2RY14;SLURP1;CHRNB2;P2RY1;UTS2B;CHRNA4;AGTR1;GHR
prerank,Serotonergic synapse,0.27599345507798567,0.8471780444847468,0.6858316221765913,1.0,1.0,3/13,16.00%,HTR3E;HTR3D;GNB3
prerank,Lipid and atherosclerosis,-0.23272825041109277,-0.8454535325361854,0.6769825918762089,0.8492947195969562,1.0,6/26,20.69%,JAK2;RAP1B;IKBKB;AKT2;OLR1;RXRG
prerank,HIF-1 signaling pathway,-0.24744725399419523,-0.8421102781566024,0.7015209125475285,0.8480731658920407,1.0,8/19,29.44%,IFNG;EGFR;RPS6KB1;AKT2;EIF4EBP1;ERBB2;CDKN1B;IL6
prerank,Phagosome,-0.23750686450179087,-0.8136954229993194,0.7347328244274809,0.8930303229770054,1.0,10/20,33.73%,SEC61G;LAMP1;OLR1;CTSS;FCGR2C;FCGR3B;C1R;TUBB1;FCGR1A;SEC22B
prerank,Oocyte meiosis,0.28335116511374053,0.8123770168532691,0.688195991091314,1.0,1.0,3/11,14.77%,CCNE2;YWHAZ;AURKA
prerank,Inositol phosphate metabolism,0.27417507355135795,0.8107310818616488,0.7380952380952381,1.0,1.0,6/12,26.45%,PIK3C2B;PLCH1;PI4KB;PIK3C2G;PIK3CA;TPI1
prerank,Cell adhesion molecules,-0.24189387996918377,-0.8036212835622507,0.7426900584795322,0.903079706068121,1.0,4/19,12.71%,PDCD1LG2;CD274;NFASC;F11R
prerank,Bacterial invasion of epithelial cells,0.29571703386884984,0.8025845654567084,0.7025948103792415,1.0,1.0,5/10,26.25%,ELMO2;SHC1;PTK2;ARHGEF26;PIK3CA
prerank,Fluid shear stress and atherosclerosis,-0.25297928599091546,-0.8000483529149175,0.7265774378585086,0.9018558682387102,1.0,3/16,12.54%,IFNG;IKBKB;AKT2
prerank,Pathways of neurodegeneration,0.17821811120074763,0.7981172483070759,0.8139059304703476,1.0,1.0,9/52,13.57%,PSMD2;DVL3;COX6C;NDUFS2;MFN1;PSMA7;FZD6;NDUFB5;GRIN2B
prerank,Malaria,-0.2944323106024692,-0.7976026516362336,0.7059961315280464,0.8985318455976387,1.0,3/10,15.40%,IFNG;CSF3;MET
prerank,Yersinia infection,-0.2505162881454834,-0.7877032478904482,0.7495183044315993,0.9085827336024809,1.0,4/16,16.13%,IKBKB;AKT2;ARHGEF7;ARPC1A
prerank,Pancreatic secretion,-0.25672688016194867,-0.7866333521960011,0.7538759689922481,0.9028762419542256,1.0,6/15,25.65%,RAP1B;GNAS;ADCY2;RYR2;CPB1;TPCN2
prerank,Phosphatidylinositol signaling system,-0.25932700881027054,-0.7757077516048582,0.7453183520599251,0.9130076730059249,1.0,2/13,5.56%,PIP4K2C;PIP4K2B
prerank,"Parathyroid hormone synthesis, secretion and action",-0.23568391211906448,-0.771981293090203,0.8076923076923077,0.9114868972544385,1.0,5/18,23.25%,EGFR;CYP27B1;RXRG;GNAS;ADCY2
prerank,Morphine addiction,-0.26539023384946686,-0.7696524555441305,0.7551020408163265,0.9077920892150368,1.0,5/12,24.48%,GNG11;GNAS;GNGT1;ADCY2;GNG4
prerank,Alcoholism,0.24800334056246254,0.7693678410045852,0.7987421383647799,1.0,1.0,5/15,16.00%,PKIA;CRH;GRIN2B;SHC1;GNB3
prerank,Signaling pathways regulating pluripotency of stem cells,0.2234471721873093,0.7638545279159993,0.7945492662473794,1.0,1.0,3/18,8.35%,SETDB1;DVL3;FZD6
prerank,Circadian entrainment,0.24783769497339034,0.7600885146648327,0.7901234567901234,1.0,1.0,4/15,16.00%,NOS1AP;GRIN2B;ADCY10;GNB3
prerank,C-type lectin receptor signaling pathway,0.22611312365128372,0.7524623472632697,0.810126582278481,1.0,1.0,2/18,1.73%,CLEC4E;CLEC6A
prerank,GABAergic synapse,-0.24661042946264058,-0.748607155648288,0.7659574468085106,0.9318485167632087,1.0,5/14,24.48%,GNG11;SLC6A13;GNGT1;ADCY2;GNG4
prerank,Renin secretion,0.263527957851831,0.74829256099491,0.7846153846153846,1.0,1.0,1/11,1.60%,EDN3
prerank,Adrenergic signaling in cardiomyocytes,-0.2327771141901577,-0.7452782917122922,0.8178294573643411,0.9294725920910755,1.0,6/16,28.91%,CACNB1;AKT2;GNAS;ADCY2;RYR2;CACNA2D4
prerank,Estrogen signaling pathway,-0.2170550466546888,-0.7441268867668778,0.8560747663551402,0.9236626819751796,1.0,6/20,25.55%,EGFR;RARA;AKT2;GNAS;ADCY2;FKBP4
prerank,GnRH secretion,-0.25742904841402336,-0.7434942152331732,0.7906066536203522,0.9172619978168334,1.0,11/11,74.38%,AKT2;HCN1;KRAS;HCN3;CACNA1C;KISS1;ITPR2;KCNJ9;AKT3;PIK3CA;KCNN3
prerank,Ubiquitin mediated proteolysis,0.22731811311402936,0.7406686464988809,0.8264462809917356,1.0,1.0,3/16,9.71%,UBE2C;UBR5;WWP1
prerank,Cardiac muscle contraction,-0.2395628411515336,-0.7371809346690278,0.8188976377952756,0.9191603291818214,1.0,6/14,31.67%,CACNB1;UQCRFS1;RYR2;COX4I2;CACNA2D4;CYC1
prerank,Cortisol synthesis and secretion,-0.2525974514325498,-0.7331511509253309,0.812133072407045,0.9178778304370722,1.0,4/11,27.08%,GNAS;ADCY2;CYP11B1;STAR
prerank,Natural killer cell mediated cytotoxicity,-0.21234101452218468,-0.7253778316312085,0.8528225806451613,0.921181397199812,1.0,7/20,25.88%,IFNG;PAK1;KLRC1;CD48;CD244;FCGR3B;KLRC3
prerank,Amyotrophic lateral sclerosis,0.17570040337909865,0.7222237787174903,0.9090909090909091,1.0,1.0,8/41,16.60%,PSMD2;COX6C;NDUFS2;PSMA7;NUP210L;NDUFB5;GRIN2B;PSMB4
prerank,Salivary secretion,-0.22981810351734822,-0.7058015137054277,0.8590998043052838,0.9374640959356599,1.0,5/15,23.25%,LYZ;ADRB3;PRH1;GNAS;ADCY2
prerank,Oxidative phosphorylation,0.21493176045538698,0.7036942980655077,0.8506493506493507,1.0,1.0,3/17,12.31%,COX6C;NDUFS2;NDUFB5
prerank,Phospholipase D signaling pathway,-0.19909370926191577,-0.6797478720414044,0.9083969465648855,0.9587259684229004,1.0,2/21,2.13%,GAB2;EGFR
prerank,Diabetic cardiomyopathy,-0.18861028218051357,-0.6696098728172512,0.9117082533589251,0.9617437431064793,1.0,4/23,12.54%,NDUFC2;VDAC3;UQCRFS1;AKT2
prerank,Retrograde endocannabinoid signaling,0.20169699387851234,0.6642793433741968,0.902,1.0,1.0,4/17,16.90%,NDUFS2;NDUFB5;GNB3;SLC32A1
prerank,"Growth hormone synthesis, secretion and action",-0.1903689398383989,-0.655033676133205,0.9398058252427185,0.9684786989903719,1.0,5/20,23.25%,JAK2;IRS2;AKT2;GNAS;ADCY2
prerank,Platelet activation,0.19294002106044983,0.6471399306209332,0.9385593220338984,1.0,1.0,2/18,3.33%,FCGR2A;GP5
prerank,cAMP signaling pathway,-0.16988879221775322,-0.6264077890851337,0.9544626593806922,0.9840721767906742,1.0,3/28,4.06%,PAK1;RAP1B;PPP1R1B
prerank,B cell receptor signaling pathway,-0.22807779774188774,-0.6226620017426361,0.9060665362035225,0.9795954843694146,1.0,2/10,12.54%,IKBKB;AKT2
prerank,ECM-receptor interaction,0.21190954139984552,0.6043500810685245,0.9341825902335457,1.0,1.0,5/11,33.87%,GP5;VWF;SDC4;THBS3;LAMA5
prerank,Gastric acid secretion,-0.19848021293351165,-0.6037281660520886,0.9403578528827038,0.9850048207421653,1.0,5/14,29.34%,MYLK2;KCNJ10;GNAS;ADCY2;ATP4B
prerank,mTOR signaling pathway,-0.17610496362647554,-0.5999424713141787,0.9568480300187617,0.980238400117189,1.0,6/21,25.98%,IKBKB;RPS6KB1;AKT2;LAMTOR2;EIF4EBP1;DEPTOR
prerank,Inflammatory mediator regulation of TRP channels,0.20767946577629393,0.5990271034662734,0.9530916844349681,0.9888956508322905,1.0,11/11,79.31%,KNG1;PIK3CA;TRPA1;ADCY8;PLCG1;SRC;ITPR2;PTGER4;IL1RAP;ADCY2;GNAS
prerank,Synaptic vesicle cycle,-0.21057944677881402,-0.5686511156970763,0.9594320486815415,0.9878136049048372,1.0,3/10,23.72%,SLC6A3;SLC6A13;SLC1A3
prerank,Protein processing in endoplasmic reticulum,-0.16955882701869043,-0.5356559358877507,0.9817073170731707,0.9917347938506892,1.0,8/15,40.25%,SEC61G;EDEM2;SSR2;SEC62;OS9;DNAJB11;DNAJC5;SSR3
prerank,Neutrophil extracellular trap formation,-0.16878613438803772,-0.5229684306557448,0.9925093632958801,0.9878773916096191,1.0,5/14,31.34%,VDAC3;AKT2;FCGR3B;HDAC9;FCGR1A
prerank,Sphingolipid signaling pathway,0.1753665639435971,0.51780186986618,0.9934782608695653,0.9898052988874222,1.0,8/12,40.09%,NSMAF;KNG1;FCER1A;PIK3CA;PLD1;TNFRSF1A;FCER1G;AKT3
